Time,CORE_ZN ZN:MIAMI INTL AP ANN HTG 99.6% CONDNS DB:Des Heat Load [W],CORE_ZN ZN:MIAMI INTL AP ANN CLG .4% CONDNS DB=>MWB:Des Sens Cool Load [W],CORE_ZN ZN:MIAMI INTL AP ANN HTG 99.6% CONDNS DB:Des Heat Mass Flow [kg/s],CORE_ZN ZN:MIAMI INTL AP ANN CLG .4% CONDNS DB=>MWB:Des Cool Mass Flow [kg/s],PERIMETER_ZN_1 ZN:MIAMI INTL AP ANN HTG 99.6% CONDNS DB:Des Heat Load [W],PERIMETER_ZN_1 ZN:MIAMI INTL AP ANN CLG .4% CONDNS DB=>MWB:Des Sens Cool Load [W],PERIMETER_ZN_1 ZN:MIAMI INTL AP ANN HTG 99.6% CONDNS DB:Des Heat Mass Flow [kg/s],PERIMETER_ZN_1 ZN:MIAMI INTL AP ANN CLG .4% CONDNS DB=>MWB:Des Cool Mass Flow [kg/s],PERIMETER_ZN_2 ZN:MIAMI INTL AP ANN HTG 99.6% CONDNS DB:Des Heat Load [W],PERIMETER_ZN_2 ZN:MIAMI INTL AP ANN CLG .4% CONDNS DB=>MWB:Des Sens Cool Load [W],PERIMETER_ZN_2 ZN:MIAMI INTL AP ANN HTG 99.6% CONDNS DB:Des Heat Mass Flow [kg/s],PERIMETER_ZN_2 ZN:MIAMI INTL AP ANN CLG .4% CONDNS DB=>MWB:Des Cool Mass Flow [kg/s],PERIMETER_ZN_3 ZN:MIAMI INTL AP ANN HTG 99.6% CONDNS DB:Des Heat Load [W],PERIMETER_ZN_3 ZN:MIAMI INTL AP ANN CLG .4% CONDNS DB=>MWB:Des Sens Cool Load [W],PERIMETER_ZN_3 ZN:MIAMI INTL AP ANN HTG 99.6% CONDNS DB:Des Heat Mass Flow [kg/s],PERIMETER_ZN_3 ZN:MIAMI INTL AP ANN CLG .4% CONDNS DB=>MWB:Des Cool Mass Flow [kg/s],PERIMETER_ZN_4 ZN:MIAMI INTL AP ANN HTG 99.6% CONDNS DB:Des Heat Load [W],PERIMETER_ZN_4 ZN:MIAMI INTL AP ANN CLG .4% CONDNS DB=>MWB:Des Sens Cool Load [W],PERIMETER_ZN_4 ZN:MIAMI INTL AP ANN HTG 99.6% CONDNS DB:Des Heat Mass Flow [kg/s],PERIMETER_ZN_4 ZN:MIAMI INTL AP ANN CLG .4% CONDNS DB=>MWB:Des Cool Mass Flow [kg/s]
00:10:00,5.703530E+02,2.452146E+03,2.943830E-02,1.728488E-01,2.734878E+03,2.124613E+03,1.411508E-01,1.498349E-01,1.737024E+03,1.363221E+03,8.964983E-02,9.614393E-02,2.618537E+03,2.145505E+03,1.351464E-01,1.513084E-01,1.736471E+03,1.431373E+03,8.962131E-02,1.009535E-01
00:20:00,5.702726E+02,2.463167E+03,2.943415E-02,1.736253E-01,2.734813E+03,2.122183E+03,1.411475E-01,1.496651E-01,1.736985E+03,1.361083E+03,8.964782E-02,9.599409E-02,2.618471E+03,2.143489E+03,1.351430E-01,1.511678E-01,1.736432E+03,1.427974E+03,8.961927E-02,1.007150E-01
00:30:00,5.701929E+02,2.471984E+03,2.943004E-02,1.742465E-01,2.734749E+03,2.118218E+03,1.411442E-01,1.493864E-01,1.736946E+03,1.357879E+03,8.964583E-02,9.576877E-02,2.618405E+03,2.139888E+03,1.351396E-01,1.509148E-01,1.736392E+03,1.423544E+03,8.961725E-02,1.004035E-01
00:40:00,5.701137E+02,2.479031E+03,2.942595E-02,1.747430E-01,2.734685E+03,2.113090E+03,1.411409E-01,1.490253E-01,1.736908E+03,1.353883E+03,8.964386E-02,9.548729E-02,2.618339E+03,2.135086E+03,1.351362E-01,1.505768E-01,1.736354E+03,1.418359E+03,8.961524E-02,1.000385E-01
00:50:00,5.700352E+02,2.484645E+03,2.942190E-02,1.751384E-01,2.734622E+03,2.107081E+03,1.411376E-01,1.486019E-01,1.736870E+03,1.349296E+03,8.964189E-02,9.516401E-02,2.618274E+03,2.129375E+03,1.351328E-01,1.501744E-01,1.736315E+03,1.412622E+03,8.961325E-02,9.963443E-02
01:00:00,5.699573E+02,2.489090E+03,2.941788E-02,1.754515E-01,2.734560E+03,2.100410E+03,1.411344E-01,1.481317E-01,1.736832E+03,1.344272E+03,8.963995E-02,9.480984E-02,2.618210E+03,2.122979E+03,1.351295E-01,1.497235E-01,1.736277E+03,1.406478E+03,8.961127E-02,9.920159E-02
01:10:00,5.699635E+02,2.494826E+03,2.941820E-02,1.758555E-01,2.734567E+03,2.095186E+03,1.411347E-01,1.477634E-01,1.736836E+03,1.340091E+03,8.964017E-02,9.451504E-02,2.618216E+03,2.118006E+03,1.351298E-01,1.493730E-01,1.736281E+03,1.401216E+03,8.961149E-02,9.883095E-02
01:20:00,5.699697E+02,2.499810E+03,2.941852E-02,1.762066E-01,2.734573E+03,2.089866E+03,1.411351E-01,1.473882E-01,1.736841E+03,1.335848E+03,8.964038E-02,9.421586E-02,2.618223E+03,2.112912E+03,1.351302E-01,1.490138E-01,1.736285E+03,1.395956E+03,8.961171E-02,9.846024E-02
01:30:00,5.699758E+02,2.504148E+03,2.941883E-02,1.765122E-01,2.734580E+03,2.084554E+03,1.411354E-01,1.470136E-01,1.736845E+03,1.331614E+03,8.964060E-02,9.391727E-02,2.618230E+03,2.107802E+03,1.351305E-01,1.486534E-01,1.736289E+03,1.390762E+03,8.961193E-02,9.809409E-02
01:40:00,5.699818E+02,2.507946E+03,2.941914E-02,1.767797E-01,2.734587E+03,2.079326E+03,1.411358E-01,1.466450E-01,1.736849E+03,1.327440E+03,8.964081E-02,9.362288E-02,2.618237E+03,2.102752E+03,1.351309E-01,1.482973E-01,1.736293E+03,1.385692E+03,8.961214E-02,9.773654E-02
01:50:00,5.699878E+02,2.511285E+03,2.941945E-02,1.770149E-01,2.734593E+03,2.074250E+03,1.411361E-01,1.462870E-01,1.736853E+03,1.323369E+03,8.964102E-02,9.333578E-02,2.618243E+03,2.097829E+03,1.351312E-01,1.479502E-01,1.736298E+03,1.380790E+03,8.961235E-02,9.739068E-02
02:00:00,5.699938E+02,2.514236E+03,2.941976E-02,1.772228E-01,2.734600E+03,2.069377E+03,1.411364E-01,1.459434E-01,1.736857E+03,1.319436E+03,8.964123E-02,9.305843E-02,2.618250E+03,2.093088E+03,1.351316E-01,1.476159E-01,1.736302E+03,1.376098E+03,8.961256E-02,9.705946E-02
02:10:00,5.699997E+02,2.516852E+03,2.942007E-02,1.774071E-01,2.734606E+03,2.064518E+03,1.411368E-01,1.456007E-01,1.736861E+03,1.315517E+03,8.964143E-02,9.278203E-02,2.618256E+03,2.088343E+03,1.351319E-01,1.472813E-01,1.736306E+03,1.371469E+03,8.961277E-02,9.673271E-02
02:20:00,5.700056E+02,2.519178E+03,2.942037E-02,1.775710E-01,2.734612E+03,2.059700E+03,1.411371E-01,1.452610E-01,1.736865E+03,1.311631E+03,8.964163E-02,9.250800E-02,2.618263E+03,2.083624E+03,1.351322E-01,1.469485E-01,1.736310E+03,1.366901E+03,8.961297E-02,9.641033E-02
02:30:00,5.700114E+02,2.521253E+03,2.942067E-02,1.777171E-01,2.734618E+03,2.054954E+03,1.411374E-01,1.449262E-01,1.736869E+03,1.307798E+03,8.964183E-02,9.223766E-02,2.618269E+03,2.078961E+03,1.351325E-01,1.466196E-01,1.736314E+03,1.362415E+03,8.961318E-02,9.609378E-02
02:40:00,5.700172E+02,2.523107E+03,2.942097E-02,1.778477E-01,2.734625E+03,2.050301E+03,1.411377E-01,1.445981E-01,1.736873E+03,1.304032E+03,8.964203E-02,9.197203E-02,2.618275E+03,2.074377E+03,1.351329E-01,1.462964E-01,1.736317E+03,1.358017E+03,8.961338E-02,9.578346E-02
02:50:00,5.700230E+02,2.524765E+03,2.942127E-02,1.779646E-01,2.734631E+03,2.045763E+03,1.411381E-01,1.442781E-01,1.736876E+03,1.300345E+03,8.964223E-02,9.171196E-02,2.618281E+03,2.069892E+03,1.351332E-01,1.459801E-01,1.736321E+03,1.353718E+03,8.961357E-02,9.548012E-02
03:00:00,5.700287E+02,2.526251E+03,2.942156E-02,1.780693E-01,2.734637E+03,2.041355E+03,1.411384E-01,1.439672E-01,1.736880E+03,1.296747E+03,8.964242E-02,9.145819E-02,2.618287E+03,2.065523E+03,1.351335E-01,1.456720E-01,1.736325E+03,1.349525E+03,8.961377E-02,9.518435E-02
03:10:00,5.700343E+02,2.527580E+03,2.942185E-02,1.781630E-01,2.734643E+03,2.036851E+03,1.411387E-01,1.436496E-01,1.736884E+03,1.293090E+03,8.964261E-02,9.120022E-02,2.618294E+03,2.061046E+03,1.351338E-01,1.453563E-01,1.736329E+03,1.345290E+03,8.961396E-02,9.488564E-02
03:20:00,5.700399E+02,2.528771E+03,2.942214E-02,1.782469E-01,2.734649E+03,2.032266E+03,1.411390E-01,1.433263E-01,1.736888E+03,1.289384E+03,8.964280E-02,9.093881E-02,2.618300E+03,2.056480E+03,1.351341E-01,1.450343E-01,1.736332E+03,1.341026E+03,8.961416E-02,9.458484E-02
03:30:00,5.700455E+02,2.529833E+03,2.942243E-02,1.783217E-01,2.734655E+03,2.027609E+03,1.411393E-01,1.429979E-01,1.736891E+03,1.285632E+03,8.964299E-02,9.067421E-02,2.618305E+03,2.051832E+03,1.351344E-01,1.447064E-01,1.736336E+03,1.336729E+03,8.961435E-02,9.428180E-02
03:40:00,5.700511E+02,2.530777E+03,2.942272E-02,1.783882E-01,2.734660E+03,2.022891E+03,1.411396E-01,1.426651E-01,1.736895E+03,1.281841E+03,8.964318E-02,9.040674E-02,2.618311E+03,2.047108E+03,1.351347E-01,1.443733E-01,1.736340E+03,1.332410E+03,8.961453E-02,9.397717E-02
03:50:00,5.700566E+02,2.531611E+03,2.942300E-02,1.784470E-01,2.734666E+03,2.018124E+03,1.411399E-01,1.423290E-01,1.736898E+03,1.278012E+03,8.964336E-02,9.013664E-02,2.618317E+03,2.042316E+03,1.351350E-01,1.440353E-01,1.736343E+03,1.328070E+03,8.961472E-02,9.367107E-02
04:00:00,5.700620E+02,2.532343E+03,2.942328E-02,1.784986E-01,2.734672E+03,2.013251E+03,1.411402E-01,1.419854E-01,1.736902E+03,1.274149E+03,8.964354E-02,8.986416E-02,2.618323E+03,2.037462E+03,1.351353E-01,1.436929E-01,1.736347E+03,1.323713E+03,8.961490E-02,9.336381E-02
04:10:00,5.700674E+02,2.532980E+03,2.942356E-02,1.785435E-01,2.734677E+03,2.008539E+03,1.411405E-01,1.416530E-01,1.736905E+03,1.270410E+03,8.964372E-02,8.960039E-02,2.618329E+03,2.032783E+03,1.351356E-01,1.433630E-01,1.736350E+03,1.319497E+03,8.961508E-02,9.306650E-02
04:20:00,5.700728E+02,2.533527E+03,2.942384E-02,1.785821E-01,2.734683E+03,2.003966E+03,1.411408E-01,1.413304E-01,1.736909E+03,1.266799E+03,8.964390E-02,8.934566E-02,2.618334E+03,2.028289E+03,1.351359E-01,1.430460E-01,1.736354E+03,1.315429E+03,8.961526E-02,9.277957E-02
04:30:00,5.700781E+02,2.533991E+03,2.942412E-02,1.786147E-01,2.734688E+03,1.999535E+03,1.411410E-01,1.410176E-01,1.736912E+03,1.263318E+03,8.964407E-02,8.910014E-02,2.618340E+03,2.023984E+03,1.351362E-01,1.427424E-01,1.736357E+03,1.311523E+03,8.961544E-02,9.250415E-02
04:40:00,5.700834E+02,2.534375E+03,2.942439E-02,1.786418E-01,2.734694E+03,1.995237E+03,1.411413E-01,1.407143E-01,1.736916E+03,1.259971E+03,8.964425E-02,8.886401E-02,2.618345E+03,2.019875E+03,1.351365E-01,1.424527E-01,1.736361E+03,1.307753E+03,8.961562E-02,9.223843E-02
04:50:00,5.700887E+02,2.534685E+03,2.942466E-02,1.786637E-01,2.734699E+03,1.991063E+03,1.411416E-01,1.404196E-01,1.736919E+03,1.256759E+03,8.964442E-02,8.863742E-02,2.618351E+03,2.015970E+03,1.351368E-01,1.421773E-01,1.736364E+03,1.304125E+03,8.961579E-02,9.198269E-02
05:00:00,5.700939E+02,2.534925E+03,2.942493E-02,1.786806E-01,2.734705E+03,1.987074E+03,1.411419E-01,1.401379E-01,1.736922E+03,1.253684E+03,8.964459E-02,8.842053E-02,2.618356E+03,2.012280E+03,1.351371E-01,1.419171E-01,1.736368E+03,1.300644E+03,8.961596E-02,9.173717E-02
05:10:00,5.700991E+02,2.535098E+03,2.942520E-02,1.786928E-01,2.734710E+03,1.983961E+03,1.411421E-01,1.399182E-01,1.736925E+03,1.251213E+03,8.964476E-02,8.824626E-02,2.618362E+03,2.009449E+03,1.351373E-01,1.417175E-01,1.736371E+03,1.297761E+03,8.961613E-02,9.153382E-02
05:20:00,5.701042E+02,2.535209E+03,2.942546E-02,1.787005E-01,2.734715E+03,1.981765E+03,1.411424E-01,1.397631E-01,1.736929E+03,1.249354E+03,8.964493E-02,8.811511E-02,2.618367E+03,2.007509E+03,1.351376E-01,1.415807E-01,1.736374E+03,1.295481E+03,8.961630E-02,9.137288E-02
05:30:00,5.701093E+02,2.535262E+03,2.942573E-02,1.787043E-01,2.734720E+03,1.980491E+03,1.411427E-01,1.396731E-01,1.736932E+03,1.248109E+03,8.964509E-02,8.802728E-02,2.618372E+03,2.006437E+03,1.351379E-01,1.415051E-01,1.736377E+03,1.293794E+03,8.961647E-02,9.125379E-02
05:40:00,5.701144E+02,2.535261E+03,2.942599E-02,1.787042E-01,2.734725E+03,1.980143E+03,1.411430E-01,1.396485E-01,1.736935E+03,1.247479E+03,8.964525E-02,8.798293E-02,2.618377E+03,2.006233E+03,1.351381E-01,1.414906E-01,1.736381E+03,1.292725E+03,8.961663E-02,9.117814E-02
05:50:00,5.701194E+02,2.535226E+03,2.942625E-02,1.787017E-01,2.734731E+03,1.981602E+03,1.411432E-01,1.397514E-01,1.736938E+03,1.248762E+03,8.964542E-02,8.807341E-02,2.618382E+03,2.007888E+03,1.351384E-01,1.416072E-01,1.736384E+03,1.292596E+03,8.961680E-02,9.116877E-02
06:00:00,5.701244E+02,2.535268E+03,2.942650E-02,1.787047E-01,2.734736E+03,1.985366E+03,1.411435E-01,1.400168E-01,1.736941E+03,1.255339E+03,8.964557E-02,8.853744E-02,2.618388E+03,2.013029E+03,1.351387E-01,1.419696E-01,1.736387E+03,1.293580E+03,8.961696E-02,9.123806E-02
06:10:00,5.701293E+02,3.446139E+03,2.942676E-02,2.514545E-01,2.549355E+03,2.679035E+03,1.315757E-01,1.956160E-01,1.613354E+03,1.643533E+03,8.326709E-02,1.196907E-01,2.433007E+03,2.692948E+03,1.255709E-01,1.964436E-01,1.612799E+03,1.658732E+03,8.323847E-02,1.205033E-01
06:20:00,5.701343E+02,3.411879E+03,2.942701E-02,2.556379E-01,2.363855E+03,2.731054E+03,1.220021E-01,2.057663E-01,1.489687E+03,1.741359E+03,7.688469E-02,1.317757E-01,2.247502E+03,2.758111E+03,1.159970E-01,2.078177E-01,1.489133E+03,1.718155E+03,7.685608E-02,1.293548E-01
06:30:00,5.701390E+02,4.007545E+03,2.942726E-02,3.149283E-01,2.178404E+03,3.254909E+03,1.124310E-01,2.572185E-01,1.366054E+03,2.131800E+03,7.050405E-02,1.694804E-01,2.062051E+03,3.297050E+03,1.064259E-01,2.606648E-01,1.365500E+03,2.056495E+03,7.047544E-02,1.626235E-01
06:40:00,5.701432E+02,4.433404E+03,2.942748E-02,3.593664E-01,1.992932E+03,3.648691E+03,1.028589E-01,2.973084E-01,1.242406E+03,2.462503E+03,6.412268E-02,2.019692E-01,1.876578E+03,3.706634E+03,9.685370E-02,3.022122E-01,1.241852E+03,2.313134E+03,6.409407E-02,1.887522E-01
06:50:00,5.701471E+02,4.851782E+03,2.942767E-02,4.031507E-01,1.807452E+03,4.037431E+03,9.328633E-02,3.369651E-01,1.118753E+03,2.806512E+03,5.774104E-02,2.356367E-01,1.691097E+03,4.110740E+03,8.728109E-02,3.432897E-01,1.118199E+03,2.564690E+03,5.771243E-02,2.144337E-01
07:00:00,5.701503E+02,5.261421E+03,2.942784E-02,4.461725E-01,1.621964E+03,4.419506E+03,8.371342E-02,3.760600E-01,9.950956E+02,3.158543E+03,5.135918E-02,2.700817E-01,1.505609E+03,4.505603E+03,7.770817E-02,3.836008E-01,9.945414E+02,2.810379E+03,5.133057E-02,2.396064E-01
07:10:00,5.701531E+02,4.753208E+03,2.942799E-02,4.158332E-01,1.621855E+03,4.109347E+03,8.370822E-02,3.596193E-01,9.950246E+02,3.142577E+03,5.135578E-02,2.750284E-01,1.505502E+03,4.221367E+03,7.770299E-02,3.694238E-01,9.944703E+02,2.688588E+03,5.132717E-02,2.352919E-01
07:20:00,5.701554E+02,5.184178E+03,2.942810E-02,4.535400E-01,1.621861E+03,4.439869E+03,8.370866E-02,3.885463E-01,9.950296E+02,3.430242E+03,5.135612E-02,3.002049E-01,1.505514E+03,4.548442E+03,7.770373E-02,3.980493E-01,9.944754E+02,2.870214E+03,5.132752E-02,2.511887E-01
07:30:00,5.701573E+02,4.979978E+03,2.942820E-02,4.356809E-01,1.621812E+03,4.298570E+03,8.370626E-02,3.761767E-01,9.949981E+02,3.437874E+03,5.135456E-02,3.008640E-01,1.505468E+03,4.398816E+03,7.770145E-02,3.849496E-01,9.944439E+02,2.771364E+03,5.132596E-02,2.425323E-01
07:40:00,5.701591E+02,4.940789E+03,2.942830E-02,4.322542E-01,1.621782E+03,4.288083E+03,8.370477E-02,3.752380E-01,9.949784E+02,3.516703E+03,5.135361E-02,3.077432E-01,1.505440E+03,4.376054E+03,7.770008E-02,3.829356E-01,9.944243E+02,2.753238E+03,5.132501E-02,2.409308E-01
07:50:00,5.701609E+02,4.904670E+03,2.942839E-02,4.290955E-01,1.621756E+03,4.283019E+03,8.370352E-02,3.747849E-01,9.949621E+02,3.588979E+03,5.135282E-02,3.140579E-01,1.505416E+03,4.355808E+03,7.769895E-02,3.811533E-01,9.944080E+02,2.739347E+03,5.132422E-02,2.397080E-01
08:00:00,5.701628E+02,4.873374E+03,2.942849E-02,4.263581E-01,1.621734E+03,4.285911E+03,8.370247E-02,3.750337E-01,9.949483E+02,3.657062E+03,5.135215E-02,3.200109E-01,1.505396E+03,4.341581E+03,7.769797E-02,3.799037E-01,9.943942E+02,2.731195E+03,5.132356E-02,2.389918E-01
08:10:00,5.701648E+02,4.845931E+03,2.942859E-02,4.239576E-01,1.621715E+03,4.293499E+03,8.370156E-02,3.756957E-01,9.949365E+02,3.718083E+03,5.135158E-02,3.253482E-01,1.505379E+03,4.331152E+03,7.769714E-02,3.789891E-01,9.943825E+02,2.726781E+03,5.132299E-02,2.386045E-01
08:20:00,5.701668E+02,4.821827E+03,2.942869E-02,4.218492E-01,1.621699E+03,4.304269E+03,8.370079E-02,3.766370E-01,9.949265E+02,3.770787E+03,5.135109E-02,3.299584E-01,1.505365E+03,4.324161E+03,7.769642E-02,3.783763E-01,9.943725E+02,2.725214E+03,5.132250E-02,2.384669E-01
08:30:00,5.701690E+02,4.800821E+03,2.942881E-02,4.200118E-01,1.621686E+03,4.317262E+03,8.370013E-02,3.777734E-01,9.949179E+02,3.814550E+03,5.135068E-02,3.337866E-01,1.505352E+03,4.320677E+03,7.769581E-02,3.780708E-01,9.943640E+02,2.725938E+03,5.132209E-02,2.385300E-01
08:40:00,5.701712E+02,4.782853E+03,2.942892E-02,4.184399E-01,1.621674E+03,4.331739E+03,8.369956E-02,3.790397E-01,9.949106E+02,3.849194E+03,5.135032E-02,3.368170E-01,1.505341E+03,4.320532E+03,7.769528E-02,3.780578E-01,9.943568E+02,2.728540E+03,5.132173E-02,2.387575E-01
08:50:00,5.701736E+02,4.767843E+03,2.942904E-02,4.171270E-01,1.621664E+03,4.347144E+03,8.369908E-02,3.803874E-01,9.949044E+02,3.876724E+03,5.135002E-02,3.392250E-01,1.505332E+03,4.323437E+03,7.769483E-02,3.783119E-01,9.943506E+02,2.732710E+03,5.132143E-02,2.391223E-01
09:00:00,5.701760E+02,4.755468E+03,2.942917E-02,4.160445E-01,1.621656E+03,4.362045E+03,8.369867E-02,3.816911E-01,9.948991E+02,3.895129E+03,5.134976E-02,3.408348E-01,1.505324E+03,4.328226E+03,7.769444E-02,3.787310E-01,9.943453E+02,2.737666E+03,5.132118E-02,2.395560E-01
09:10:00,5.701785E+02,4.745304E+03,2.942930E-02,4.151553E-01,1.621648E+03,4.376540E+03,8.369832E-02,3.829594E-01,9.948946E+02,3.904701E+03,5.134954E-02,3.416719E-01,1.505317E+03,4.334829E+03,7.769411E-02,3.793088E-01,9.943408E+02,2.743357E+03,5.132096E-02,2.400540E-01
09:20:00,5.701811E+02,4.736997E+03,2.942943E-02,4.144287E-01,1.621642E+03,4.390804E+03,8.369802E-02,3.842074E-01,9.948907E+02,3.905545E+03,5.134935E-02,3.417452E-01,1.505311E+03,4.342864E+03,7.769383E-02,3.800120E-01,9.943370E+02,2.749748E+03,5.132077E-02,2.406133E-01
09:30:00,5.701837E+02,4.730275E+03,2.942957E-02,4.138407E-01,1.621637E+03,4.404881E+03,8.369777E-02,3.854392E-01,9.948875E+02,3.897484E+03,5.134919E-02,3.410394E-01,1.505306E+03,4.351919E+03,7.769360E-02,3.808043E-01,9.943337E+02,2.756719E+03,5.132061E-02,2.412233E-01
09:40:00,5.701864E+02,4.724921E+03,2.942970E-02,4.133724E-01,1.621633E+03,4.418885E+03,8.369755E-02,3.866645E-01,9.948847E+02,3.880374E+03,5.134905E-02,3.395417E-01,1.505302E+03,4.361863E+03,7.769339E-02,3.816745E-01,9.943310E+02,2.764168E+03,5.132048E-02,2.418751E-01
09:50:00,5.701891E+02,4.720766E+03,2.942985E-02,4.130090E-01,1.621629E+03,4.432961E+03,8.369737E-02,3.878960E-01,9.948823E+02,3.854238E+03,5.134894E-02,3.372543E-01,1.505299E+03,4.372588E+03,7.769322E-02,3.826130E-01,9.943287E+02,2.772008E+03,5.132036E-02,2.425611E-01
10:00:00,5.701919E+02,4.717677E+03,2.942999E-02,4.127387E-01,1.621626E+03,4.447252E+03,8.369722E-02,3.891465E-01,9.948803E+02,3.819395E+03,5.134884E-02,3.342051E-01,1.505296E+03,4.384003E+03,7.769308E-02,3.836119E-01,9.943267E+02,2.780169E+03,5.132027E-02,2.432752E-01
10:10:00,5.701947E+02,4.715546E+03,2.943013E-02,4.125523E-01,1.621623E+03,4.461860E+03,8.369709E-02,3.904246E-01,9.948786E+02,3.776462E+03,5.134876E-02,3.304480E-01,1.505293E+03,4.396025E+03,7.769296E-02,3.846637E-01,9.943250E+02,2.788590E+03,5.132018E-02,2.440121E-01
10:20:00,5.701975E+02,4.714289E+03,2.943028E-02,4.124424E-01,1.621621E+03,4.477463E+03,8.369698E-02,3.917899E-01,9.948772E+02,3.725454E+03,5.134869E-02,3.259844E-01,1.505291E+03,4.408997E+03,7.769287E-02,3.857989E-01,9.943236E+02,2.797518E+03,5.132012E-02,2.447933E-01
10:30:00,5.702004E+02,4.713840E+03,2.943042E-02,4.124031E-01,1.621619E+03,4.493563E+03,8.369690E-02,3.931987E-01,9.948760E+02,3.665653E+03,5.134863E-02,3.207515E-01,1.505290E+03,4.422498E+03,7.769278E-02,3.869802E-01,9.943224E+02,2.806683E+03,5.132006E-02,2.455953E-01
10:40:00,5.702032E+02,4.714127E+03,2.943057E-02,4.124283E-01,1.621618E+03,4.509912E+03,8.369682E-02,3.946292E-01,9.948750E+02,3.598225E+03,5.134858E-02,3.148511E-01,1.505288E+03,4.436309E+03,7.769272E-02,3.881887E-01,9.943214E+02,2.815964E+03,5.132001E-02,2.464074E-01
10:50:00,5.702061E+02,4.715083E+03,2.943072E-02,4.125120E-01,1.621616E+03,4.526390E+03,8.369677E-02,3.960710E-01,9.948741E+02,3.525598E+03,5.134854E-02,3.084958E-01,1.505287E+03,4.450307E+03,7.769267E-02,3.894136E-01,9.943206E+02,2.825305E+03,5.131997E-02,2.472247E-01
11:00:00,5.702089E+02,4.716656E+03,2.943087E-02,4.126496E-01,1.621615E+03,4.542869E+03,8.369672E-02,3.975129E-01,9.948734E+02,3.450624E+03,5.134850E-02,3.019353E-01,1.505286E+03,4.464381E+03,7.769263E-02,3.906450E-01,9.943200E+02,2.834655E+03,5.131994E-02,2.480428E-01
11:10:00,5.702118E+02,4.718805E+03,2.943101E-02,4.128377E-01,1.621615E+03,4.558945E+03,8.369668E-02,3.989196E-01,9.948728E+02,3.376107E+03,5.134847E-02,2.954149E-01,1.505286E+03,4.478180E+03,7.769260E-02,3.918524E-01,9.943194E+02,2.843800E+03,5.131991E-02,2.488430E-01
11:20:00,5.702146E+02,4.721504E+03,2.943116E-02,4.130737E-01,1.621614E+03,4.573879E+03,8.369665E-02,4.002262E-01,9.948724E+02,3.306156E+03,5.134845E-02,2.892941E-01,1.505285E+03,4.491204E+03,7.769258E-02,3.929919E-01,9.943190E+02,2.852399E+03,5.131989E-02,2.495954E-01
11:30:00,5.702175E+02,4.724744E+03,2.943131E-02,4.133573E-01,1.621614E+03,4.588096E+03,8.369663E-02,4.014702E-01,9.948720E+02,3.247251E+03,5.134843E-02,2.841400E-01,1.505285E+03,4.503748E+03,7.769256E-02,3.940895E-01,9.943186E+02,2.860639E+03,5.131987E-02,2.503164E-01
11:40:00,5.702203E+02,4.728561E+03,2.943146E-02,4.136912E-01,1.621613E+03,4.601776E+03,8.369662E-02,4.026671E-01,9.948717E+02,3.201505E+03,5.134842E-02,2.801376E-01,1.505285E+03,4.515936E+03,7.769256E-02,3.951559E-01,9.943184E+02,2.868571E+03,5.131986E-02,2.510104E-01
11:50:00,5.702232E+02,4.733001E+03,2.943160E-02,4.140797E-01,1.621613E+03,4.614965E+03,8.369661E-02,4.038210E-01,9.948715E+02,3.168417E+03,5.134841E-02,2.772429E-01,1.505285E+03,4.527820E+03,7.769255E-02,3.961957E-01,9.943182E+02,2.876188E+03,5.131985E-02,2.516769E-01
12:00:00,5.702260E+02,4.738097E+03,2.943175E-02,4.145255E-01,1.621613E+03,4.627722E+03,8.369661E-02,4.049372E-01,9.948713E+02,3.146789E+03,5.134840E-02,2.753511E-01,1.505285E+03,4.539455E+03,7.769256E-02,3.972137E-01,9.943180E+02,2.883496E+03,5.131984E-02,2.523162E-01
12:10:00,5.702288E+02,4.743864E+03,2.943189E-02,4.150301E-01,1.621613E+03,4.640414E+03,8.369661E-02,4.060477E-01,9.948712E+02,3.135067E+03,5.134840E-02,2.743260E-01,1.505285E+03,4.551161E+03,7.769257E-02,3.982380E-01,9.943179E+02,2.890686E+03,5.131984E-02,2.529454E-01
12:20:00,5.702316E+02,4.750301E+03,2.943204E-02,4.155932E-01,1.621613E+03,4.653202E+03,8.369662E-02,4.071666E-01,9.948711E+02,3.130908E+03,5.134839E-02,2.739628E-01,1.505285E+03,4.563052E+03,7.769258E-02,3.992784E-01,9.943179E+02,2.897827E+03,5.131984E-02,2.535702E-01
12:30:00,5.702343E+02,4.757385E+03,2.943218E-02,4.162130E-01,1.621613E+03,4.666337E+03,8.369663E-02,4.083159E-01,9.948711E+02,3.130315E+03,5.134839E-02,2.739113E-01,1.505286E+03,4.575304E+03,7.769260E-02,4.003504E-01,9.943179E+02,2.905044E+03,5.131984E-02,2.542017E-01
12:40:00,5.702371E+02,4.765071E+03,2.943232E-02,4.168855E-01,1.621614E+03,4.680111E+03,8.369664E-02,4.095211E-01,9.948712E+02,3.131735E+03,5.134839E-02,2.740360E-01,1.505286E+03,4.588119E+03,7.769261E-02,4.014717E-01,9.943180E+02,2.912502E+03,5.131984E-02,2.548542E-01
12:50:00,5.702398E+02,4.773308E+03,2.943246E-02,4.176061E-01,1.621614E+03,4.694753E+03,8.369665E-02,4.108023E-01,9.948712E+02,3.134848E+03,5.134840E-02,2.743086E-01,1.505286E+03,4.601652E+03,7.769264E-02,4.026558E-01,9.943181E+02,2.920339E+03,5.131985E-02,2.555399E-01
13:00:00,5.702425E+02,4.782055E+03,2.943260E-02,4.183713E-01,1.621614E+03,4.710389E+03,8.369667E-02,4.121704E-01,9.948713E+02,3.139388E+03,5.134840E-02,2.747060E-01,1.505287E+03,4.615988E+03,7.769266E-02,4.039102E-01,9.943182E+02,2.928643E+03,5.131985E-02,2.562665E-01
13:10:00,5.702452E+02,4.791274E+03,2.943274E-02,4.191779E-01,1.621614E+03,4.726939E+03,8.369669E-02,4.136185E-01,9.948714E+02,3.145072E+03,5.134841E-02,2.752035E-01,1.505287E+03,4.631050E+03,7.769269E-02,4.052282E-01,9.943183E+02,2.937387E+03,5.131986E-02,2.570317E-01
13:20:00,5.702479E+02,4.800927E+03,2.943288E-02,4.200224E-01,1.621615E+03,4.744292E+03,8.369671E-02,4.151369E-01,9.948715E+02,3.151669E+03,5.134842E-02,2.757808E-01,1.505288E+03,4.646755E+03,7.769271E-02,4.066023E-01,9.943185E+02,2.946534E+03,5.131987E-02,2.578321E-01
13:30:00,5.702505E+02,4.810962E+03,2.943301E-02,4.209003E-01,1.621615E+03,4.762178E+03,8.369674E-02,4.167019E-01,9.948717E+02,3.158909E+03,5.134842E-02,2.764144E-01,1.505288E+03,4.662898E+03,7.769274E-02,4.080148E-01,9.943187E+02,2.955960E+03,5.131988E-02,2.586569E-01
13:40:00,5.702531E+02,4.821331E+03,2.943315E-02,4.218075E-01,1.621616E+03,4.780250E+03,8.369676E-02,4.182832E-01,9.948719E+02,3.166509E+03,5.134843E-02,2.770794E-01,1.505289E+03,4.679221E+03,7.769278E-02,4.094431E-01,9.943189E+02,2.966911E+03,5.131989E-02,2.596151E-01
13:50:00,5.702558E+02,4.831998E+03,2.943328E-02,4.227407E-01,1.621616E+03,4.798205E+03,8.369679E-02,4.198543E-01,9.948721E+02,3.174220E+03,5.134844E-02,2.777542E-01,1.505290E+03,4.695498E+03,7.769281E-02,4.108673E-01,9.943191E+02,2.983377E+03,5.131990E-02,2.610559E-01
14:00:00,5.702583E+02,4.842939E+03,2.943342E-02,4.236979E-01,1.621617E+03,4.815833E+03,8.369682E-02,4.213968E-01,9.948723E+02,3.181847E+03,5.134845E-02,2.784216E-01,1.505290E+03,4.711570E+03,7.769284E-02,4.122736E-01,9.943193E+02,3.008890E+03,5.131991E-02,2.632884E-01
14:10:00,5.702609E+02,4.854142E+03,2.943355E-02,4.246780E-01,1.621617E+03,4.832811E+03,8.369684E-02,4.228823E-01,9.948725E+02,3.189130E+03,5.134847E-02,2.790588E-01,1.505291E+03,4.727166E+03,7.769288E-02,4.136382E-01,9.943196E+02,3.046120E+03,5.131993E-02,2.665464E-01
14:20:00,5.702634E+02,4.865612E+03,2.943368E-02,4.256814E-01,1.621618E+03,4.849048E+03,8.369687E-02,4.243029E-01,9.948728E+02,3.195952E+03,5.134848E-02,2.796557E-01,1.505292E+03,4.742225E+03,7.769291E-02,4.149559E-01,9.943198E+02,3.097590E+03,5.131994E-02,2.710505E-01
14:30:00,5.702659E+02,4.877349E+03,2.943381E-02,4.267083E-01,1.621619E+03,4.864482E+03,8.369690E-02,4.256533E-01,9.948730E+02,3.202220E+03,5.134849E-02,2.802042E-01,1.505292E+03,4.756703E+03,7.769295E-02,4.162226E-01,9.943201E+02,3.165319E+03,5.131996E-02,2.769774E-01
14:40:00,5.702684E+02,4.889335E+03,2.943394E-02,4.277569E-01,1.621619E+03,4.878349E+03,8.369694E-02,4.268667E-01,9.948733E+02,3.207516E+03,5.134851E-02,2.806676E-01,1.505293E+03,4.770070E+03,7.769299E-02,4.173922E-01,9.943204E+02,3.248394E+03,5.131997E-02,2.842473E-01
14:50:00,5.702709E+02,4.901516E+03,2.943407E-02,4.288226E-01,1.621620E+03,4.890954E+03,8.369697E-02,4.279695E-01,9.948736E+02,3.211950E+03,5.134852E-02,2.810554E-01,1.505294E+03,4.782518E+03,7.769303E-02,4.184813E-01,9.943207E+02,3.340957E+03,5.131999E-02,2.923472E-01
15:00:00,5.702734E+02,4.913810E+03,2.943419E-02,4.298981E-01,1.621620E+03,4.902323E+03,8.369700E-02,4.289641E-01,9.948739E+02,3.215511E+03,5.134854E-02,2.813670E-01,1.505295E+03,4.794021E+03,7.769307E-02,4.194877E-01,9.943211E+02,3.438547E+03,5.132000E-02,3.008870E-01
15:10:00,5.702758E+02,4.926113E+03,2.943432E-02,4.309745E-01,1.621621E+03,4.912233E+03,8.369704E-02,4.298312E-01,9.948742E+02,3.218084E+03,5.134855E-02,2.815921E-01,1.505295E+03,4.804372E+03,7.769311E-02,4.203934E-01,9.943214E+02,3.537484E+03,5.132002E-02,3.095444E-01
15:20:00,5.702782E+02,4.938306E+03,2.943444E-02,4.320411E-01,1.621622E+03,4.920591E+03,8.369707E-02,4.305624E-01,9.948745E+02,3.219642E+03,5.134857E-02,2.817283E-01,1.505296E+03,4.813476E+03,7.769315E-02,4.211899E-01,9.943217E+02,3.634135E+03,5.132004E-02,3.180015E-01
15:30:00,5.702806E+02,4.950275E+03,2.943456E-02,4.330882E-01,1.621622E+03,4.927318E+03,8.369711E-02,4.311509E-01,9.948748E+02,3.220148E+03,5.134859E-02,2.817726E-01,1.505297E+03,4.821236E+03,7.769319E-02,4.218688E-01,9.943221E+02,3.725246E+03,5.132006E-02,3.259736E-01
15:40:00,5.702829E+02,4.961912E+03,2.943469E-02,4.341063E-01,1.621623E+03,4.933060E+03,8.369714E-02,4.316532E-01,9.948752E+02,3.219910E+03,5.134860E-02,2.817517E-01,1.505298E+03,4.828046E+03,7.769323E-02,4.224645E-01,9.943224E+02,3.809019E+03,5.132007E-02,3.333035E-01
15:50:00,5.702853E+02,4.973126E+03,2.943481E-02,4.350874E-01,1.621624E+03,4.937421E+03,8.369718E-02,4.320347E-01,9.948755E+02,3.218719E+03,5.134862E-02,2.816474E-01,1.505299E+03,4.833584E+03,7.769327E-02,4.229491E-01,9.943228E+02,3.885849E+03,5.132009E-02,3.400256E-01
16:00:00,5.702876E+02,4.983838E+03,2.943493E-02,4.360245E-01,1.621625E+03,4.940288E+03,8.369722E-02,4.322855E-01,9.948759E+02,3.216498E+03,5.134864E-02,2.814531E-01,1.505299E+03,4.837745E+03,7.769332E-02,4.233131E-01,9.943232E+02,3.955212E+03,5.132011E-02,3.460944E-01
16:10:00,5.702899E+02,4.993973E+03,2.943505E-02,4.369112E-01,1.621625E+03,4.942093E+03,8.369725E-02,4.324433E-01,9.948762E+02,3.213457E+03,5.134866E-02,2.811869E-01,1.505300E+03,4.840858E+03,7.769336E-02,4.235854E-01,9.943236E+02,4.016748E+03,5.132013E-02,3.514782E-01
16:20:00,5.702922E+02,5.003462E+03,2.943516E-02,4.377413E-01,1.621626E+03,4.942874E+03,8.369729E-02,4.325116E-01,9.948766E+02,3.209553E+03,5.134868E-02,2.808453E-01,1.505301E+03,4.842893E+03,7.769340E-02,4.237634E-01,9.943239E+02,4.070208E+03,5.132015E-02,3.561554E-01
16:30:00,5.702944E+02,5.012247E+03,2.943528E-02,4.385099E-01,1.621627E+03,4.942660E+03,8.369733E-02,4.324928E-01,9.948770E+02,3.204763E+03,5.134870E-02,2.804261E-01,1.505302E+03,4.843847E+03,7.769345E-02,4.238468E-01,9.943243E+02,4.115663E+03,5.132017E-02,3.601321E-01
16:40:00,5.702967E+02,5.020277E+03,2.943540E-02,4.392124E-01,1.621628E+03,4.941418E+03,8.369737E-02,4.323840E-01,9.948773E+02,3.199062E+03,5.134872E-02,2.799273E-01,1.505303E+03,4.843727E+03,7.769349E-02,4.238362E-01,9.943247E+02,4.153211E+03,5.132019E-02,3.634171E-01
16:50:00,5.702989E+02,5.027504E+03,2.943551E-02,4.398446E-01,1.621628E+03,4.939044E+03,8.369741E-02,4.321762E-01,9.948777E+02,3.192430E+03,5.134874E-02,2.793469E-01,1.505304E+03,4.842650E+03,7.769354E-02,4.237419E-01,9.943251E+02,4.182888E+03,5.132021E-02,3.660133E-01
17:00:00,5.703011E+02,5.033889E+03,2.943562E-02,4.404032E-01,1.621629E+03,4.935364E+03,8.369745E-02,4.318542E-01,9.948781E+02,3.184851E+03,5.134876E-02,2.786836E-01,1.505305E+03,4.841269E+03,7.769358E-02,4.236211E-01,9.943256E+02,4.204665E+03,5.132024E-02,3.679184E-01
17:10:00,5.703033E+02,5.039394E+03,2.943574E-02,4.408848E-01,1.621630E+03,4.928973E+03,8.369749E-02,4.312949E-01,9.948785E+02,3.175718E+03,5.134878E-02,2.778845E-01,1.505305E+03,4.839339E+03,7.769363E-02,4.234522E-01,9.943260E+02,4.216597E+03,5.132026E-02,3.689619E-01
17:20:00,5.703055E+02,5.044001E+03,2.943585E-02,4.412878E-01,1.621631E+03,4.920296E+03,8.369753E-02,4.305356E-01,9.948789E+02,3.165410E+03,5.134880E-02,2.769825E-01,1.505306E+03,4.837947E+03,7.769367E-02,4.233302E-01,9.943264E+02,4.218712E+03,5.132028E-02,3.691466E-01
17:30:00,5.703076E+02,5.047891E+03,2.943596E-02,4.416281E-01,1.621631E+03,4.909316E+03,8.369757E-02,4.295747E-01,9.948793E+02,3.154078E+03,5.134882E-02,2.759908E-01,1.505307E+03,4.837687E+03,7.769372E-02,4.233075E-01,9.943268E+02,4.209622E+03,5.132030E-02,3.683507E-01
17:40:00,5.703097E+02,5.051410E+03,2.943607E-02,4.419360E-01,1.621632E+03,4.895811E+03,8.369761E-02,4.283929E-01,9.948797E+02,3.141763E+03,5.134884E-02,2.749132E-01,1.505308E+03,4.838533E+03,7.769376E-02,4.233816E-01,9.943273E+02,4.189483E+03,5.132032E-02,3.665880E-01
17:50:00,5.703118E+02,5.054841E+03,2.943618E-02,4.422360E-01,1.621633E+03,4.879621E+03,8.369765E-02,4.269762E-01,9.948802E+02,3.128506E+03,5.134886E-02,2.737533E-01,1.505309E+03,4.840047E+03,7.769381E-02,4.235141E-01,9.943277E+02,4.158509E+03,5.132035E-02,3.638773E-01
18:00:00,5.703139E+02,5.058283E+03,2.943629E-02,4.425372E-01,1.621634E+03,4.860677E+03,8.369769E-02,4.253185E-01,9.948806E+02,3.114355E+03,5.134888E-02,2.725149E-01,1.505310E+03,4.841168E+03,7.769386E-02,4.236121E-01,9.943282E+02,4.116637E+03,5.132037E-02,3.602131E-01
18:10:00,5.703160E+02,5.061670E+03,2.943639E-02,4.428335E-01,1.807020E+03,4.839829E+03,9.326608E-02,4.234942E-01,1.118471E+03,3.099756E+03,5.772779E-02,2.712376E-01,1.690696E+03,4.841219E+03,8.726225E-02,4.236166E-01,1.117919E+03,4.065059E+03,5.769928E-02,3.556995E-01
18:20:00,5.703181E+02,5.064758E+03,2.943650E-02,4.431036E-01,1.992474E+03,4.816357E+03,1.028377E-01,4.214403E-01,1.242108E+03,3.084342E+03,6.410888E-02,2.698888E-01,1.876155E+03,4.838273E+03,9.683409E-02,4.233588E-01,1.241556E+03,4.002880E+03,6.408037E-02,3.502584E-01
18:30:00,5.703202E+02,5.066944E+03,2.943661E-02,4.432949E-01,2.177920E+03,4.789547E+03,1.124087E-01,4.190944E-01,1.365739E+03,3.067741E+03,7.048959E-02,2.684362E-01,2.061602E+03,4.828873E+03,1.064052E-01,4.225362E-01,1.365187E+03,3.927891E+03,7.046108E-02,3.436965E-01
18:40:00,5.703226E+02,5.067316E+03,2.943673E-02,4.433274E-01,2.363393E+03,4.759684E+03,1.219812E-01,4.164813E-01,1.489388E+03,3.050078E+03,7.687114E-02,2.668906E-01,2.247076E+03,4.812834E+03,1.159777E-01,4.211326E-01,1.488836E+03,3.841459E+03,7.684264E-02,3.361333E-01
18:50:00,5.703253E+02,5.065092E+03,2.943687E-02,4.431328E-01,2.548884E+03,4.726688E+03,1.315543E-01,4.135940E-01,1.613048E+03,3.031218E+03,8.325316E-02,2.652403E-01,2.432565E+03,4.787949E+03,1.255508E-01,4.189549E-01,1.612495E+03,3.740355E+03,8.322465E-02,3.272863E-01
19:00:00,5.703284E+02,5.059732E+03,2.943703E-02,4.426638E-01,2.734385E+03,4.690748E+03,1.411279E-01,4.104491E-01,1.736714E+03,3.011092E+03,8.963547E-02,2.634793E-01,2.618065E+03,4.753501E+03,1.351244E-01,4.159404E-01,1.736161E+03,3.626620E+03,8.960697E-02,3.173340E-01
19:10:00,5.703320E+02,5.051018E+03,2.943722E-02,4.419014E-01,2.734508E+03,4.652600E+03,1.411336E-01,4.071111E-01,1.736794E+03,2.989947E+03,8.963911E-02,2.616290E-01,2.618187E+03,4.711581E+03,1.351300E-01,4.122720E-01,1.736242E+03,3.508682E+03,8.961061E-02,3.070140E-01
19:20:00,5.703361E+02,5.039177E+03,2.943743E-02,4.408654E-01,2.734571E+03,4.614453E+03,1.411363E-01,4.037731E-01,1.736832E+03,2.968714E+03,8.964073E-02,2.597711E-01,2.618243E+03,4.666159E+03,1.351324E-01,4.082973E-01,1.736280E+03,3.395842E+03,8.961223E-02,2.971401E-01
19:30:00,5.703407E+02,5.024875E+03,2.943767E-02,4.396142E-01,2.734645E+03,4.577918E+03,1.411397E-01,4.005763E-01,1.736879E+03,2.948063E+03,8.964287E-02,2.579641E-01,2.618314E+03,4.621418E+03,1.351357E-01,4.043822E-01,1.736326E+03,3.295534E+03,8.961437E-02,2.883631E-01
19:40:00,5.703455E+02,5.009003E+03,2.943792E-02,4.382255E-01,2.734696E+03,4.543425E+03,1.411420E-01,3.975582E-01,1.736909E+03,2.928094E+03,8.964426E-02,2.562169E-01,2.618362E+03,4.578221E+03,1.351379E-01,4.006025E-01,1.736357E+03,3.208762E+03,8.961576E-02,2.807709E-01
19:50:00,5.703504E+02,4.992368E+03,2.943817E-02,4.367702E-01,2.734732E+03,4.511698E+03,1.411437E-01,3.947822E-01,1.736931E+03,2.909145E+03,8.964528E-02,2.545589E-01,2.618398E+03,4.539611E+03,1.351396E-01,3.972241E-01,1.736379E+03,3.140779E+03,8.961678E-02,2.748229E-01
20:00:00,5.703554E+02,4.975680E+03,2.943843E-02,4.353101E-01,2.734760E+03,4.483097E+03,1.411450E-01,3.922797E-01,1.736948E+03,2.891455E+03,8.964607E-02,2.530111E-01,2.618425E+03,4.507128E+03,1.351409E-01,3.943821E-01,1.736396E+03,3.091659E+03,8.961757E-02,2.705256E-01
20:10:00,5.703602E+02,4.959474E+03,2.943868E-02,4.338923E-01,2.734782E+03,4.458055E+03,1.411461E-01,3.900888E-01,1.736961E+03,2.875341E+03,8.964672E-02,2.516012E-01,2.618447E+03,4.480279E+03,1.351419E-01,3.920331E-01,1.736409E+03,3.055817E+03,8.961821E-02,2.673902E-01
20:20:00,5.703649E+02,4.943980E+03,2.943892E-02,4.325368E-01,2.734800E+03,4.434889E+03,1.411470E-01,3.880620E-01,1.736972E+03,2.860037E+03,8.964725E-02,2.502621E-01,2.618464E+03,4.456228E+03,1.351428E-01,3.899289E-01,1.736420E+03,3.026516E+03,8.961874E-02,2.648271E-01
20:30:00,5.703694E+02,4.929142E+03,2.943915E-02,4.312387E-01,2.734815E+03,4.412926E+03,1.411477E-01,3.861404E-01,1.736981E+03,2.845263E+03,8.964769E-02,2.489695E-01,2.618479E+03,4.433906E+03,1.351435E-01,3.879760E-01,1.736429E+03,3.001352E+03,8.961919E-02,2.626258E-01
20:40:00,5.703737E+02,4.914817E+03,2.943937E-02,4.299854E-01,2.734828E+03,4.391907E+03,1.411483E-01,3.843014E-01,1.736989E+03,2.830916E+03,8.964807E-02,2.477142E-01,2.618491E+03,4.412882E+03,1.351441E-01,3.861366E-01,1.736437E+03,2.979199E+03,8.961957E-02,2.606879E-01
20:50:00,5.703778E+02,4.900879E+03,2.943958E-02,4.287661E-01,2.734838E+03,4.371633E+03,1.411488E-01,3.825276E-01,1.736996E+03,2.816917E+03,8.964841E-02,2.464893E-01,2.618501E+03,4.392850E+03,1.351446E-01,3.843840E-01,1.736444E+03,2.959276E+03,8.961991E-02,2.589449E-01
21:00:00,5.703817E+02,4.887232E+03,2.943978E-02,4.275722E-01,2.734848E+03,4.351960E+03,1.411493E-01,3.808063E-01,1.737002E+03,2.803205E+03,8.964870E-02,2.452896E-01,2.618510E+03,4.373584E+03,1.351450E-01,3.826983E-01,1.736449E+03,2.941014E+03,8.962020E-02,2.573473E-01
21:10:00,5.703854E+02,4.873804E+03,2.943998E-02,4.263975E-01,2.734856E+03,4.332602E+03,1.411497E-01,3.791126E-01,1.737007E+03,2.789630E+03,8.964896E-02,2.441018E-01,2.618519E+03,4.354757E+03,1.351455E-01,3.810511E-01,1.736455E+03,2.923891E+03,8.962047E-02,2.558492E-01
21:20:00,5.703890E+02,4.860548E+03,2.944016E-02,4.252377E-01,2.734863E+03,4.313479E+03,1.411501E-01,3.774394E-01,1.737012E+03,2.776163E+03,8.964921E-02,2.429235E-01,2.618526E+03,4.336252E+03,1.351458E-01,3.794320E-01,1.736459E+03,2.907600E+03,8.962071E-02,2.544238E-01
21:30:00,5.703924E+02,4.847426E+03,2.944034E-02,4.240898E-01,2.734870E+03,4.294536E+03,1.411504E-01,3.757819E-01,1.737016E+03,2.762783E+03,8.964943E-02,2.417527E-01,2.618533E+03,4.317982E+03,1.351462E-01,3.778335E-01,1.736464E+03,2.891917E+03,8.962094E-02,2.530516E-01
21:40:00,5.703957E+02,4.834417E+03,2.944050E-02,4.229517E-01,2.734876E+03,4.275734E+03,1.411507E-01,3.741368E-01,1.737020E+03,2.749477E+03,8.964964E-02,2.405885E-01,2.618539E+03,4.299885E+03,1.351465E-01,3.762500E-01,1.736468E+03,2.876676E+03,8.962114E-02,2.517181E-01
21:50:00,5.703988E+02,4.821500E+03,2.944067E-02,4.218216E-01,2.734882E+03,4.257044E+03,1.411510E-01,3.725015E-01,1.737024E+03,2.736234E+03,8.964983E-02,2.394297E-01,2.618545E+03,4.281914E+03,1.351468E-01,3.746776E-01,1.736472E+03,2.861754E+03,8.962134E-02,2.504125E-01
22:00:00,5.704019E+02,4.808666E+03,2.944083E-02,4.206989E-01,2.734888E+03,4.238449E+03,1.411513E-01,3.708745E-01,1.737027E+03,2.723051E+03,8.965002E-02,2.382762E-01,2.618550E+03,4.264040E+03,1.351471E-01,3.731137E-01,1.736475E+03,2.847065E+03,8.962153E-02,2.491273E-01
22:10:00,5.704049E+02,4.039650E+03,2.944098E-02,3.528040E-01,2.734893E+03,3.608030E+03,1.411516E-01,3.143108E-01,1.737031E+03,2.324766E+03,8.965020E-02,2.023972E-01,2.618556E+03,3.631635E+03,1.351473E-01,3.163405E-01,1.736479E+03,2.438690E+03,8.962171E-02,2.121909E-01
22:20:00,5.704078E+02,3.442205E+03,2.944113E-02,2.971121E-01,2.734898E+03,3.118835E+03,1.411519E-01,2.678410E-01,1.737034E+03,2.013785E+03,8.965037E-02,1.727913E-01,2.618561E+03,3.141137E+03,1.351476E-01,2.697152E-01,1.736482E+03,2.120751E+03,8.962188E-02,1.817550E-01
22:30:00,5.704106E+02,2.988173E+03,2.944127E-02,2.514663E-01,2.734903E+03,2.729832E+03,1.411521E-01,2.283771E-01,1.737037E+03,1.759159E+03,8.965054E-02,1.471035E-01,2.618566E+03,2.749592E+03,1.351479E-01,2.300007E-01,1.736485E+03,1.857292E+03,8.962205E-02,1.550915E-01
22:40:00,5.704133E+02,2.570700E+03,2.944142E-02,2.084343E-01,2.734908E+03,2.362651E+03,1.411524E-01,1.905087E-01,1.737041E+03,1.522179E+03,8.965070E-02,1.226999E-01,2.618570E+03,2.379914E+03,1.351481E-01,1.918826E-01,1.736489E+03,1.611927E+03,8.962221E-02,1.297481E-01
22:50:00,5.704161E+02,2.147439E+03,2.944156E-02,1.650303E-01,2.734913E+03,2.002699E+03,1.411526E-01,1.532035E-01,1.737044E+03,1.291484E+03,8.965085E-02,9.877754E-02,2.618575E+03,2.018364E+03,1.351483E-01,1.543892E-01,1.736492E+03,1.373688E+03,8.962237E-02,1.049489E-01
23:00:00,5.704187E+02,1.744495E+03,2.944170E-02,1.230942E-01,2.734917E+03,1.654399E+03,1.411529E-01,1.167736E-01,1.737046E+03,1.068071E+03,8.965100E-02,7.540682E-02,2.618579E+03,1.668510E+03,1.351486E-01,1.177723E-01,1.736495E+03,1.142499E+03,8.962252E-02,8.068877E-02
23:10:00,5.704214E+02,2.104973E+03,2.944183E-02,1.484774E-01,2.734922E+03,1.923207E+03,1.411531E-01,1.357078E-01,1.737049E+03,1.233448E+03,8.965115E-02,8.706033E-02,2.618584E+03,1.938502E+03,1.351488E-01,1.367921E-01,1.736497E+03,1.308801E+03,8.962267E-02,9.239233E-02
23:20:00,5.704240E+02,2.300152E+03,2.944197E-02,1.621364E-01,2.734926E+03,2.055278E+03,1.411533E-01,1.449183E-01,1.737052E+03,1.314604E+03,8.965130E-02,9.269652E-02,2.618588E+03,2.071076E+03,1.351490E-01,1.460323E-01,1.736500E+03,1.387807E+03,8.962281E-02,9.785990E-02
23:30:00,5.704265E+02,2.357420E+03,2.944210E-02,1.661733E-01,2.734930E+03,2.090989E+03,1.411535E-01,1.474464E-01,1.737055E+03,1.342015E+03,8.965144E-02,9.463631E-02,2.618592E+03,2.108499E+03,1.351492E-01,1.486812E-01,1.736503E+03,1.414969E+03,8.962295E-02,9.978291E-02
23:40:00,5.704290E+02,2.383023E+03,2.944223E-02,1.679777E-01,2.734935E+03,2.108205E+03,1.411537E-01,1.486666E-01,1.737058E+03,1.354033E+03,8.965158E-02,9.548816E-02,2.618596E+03,2.127345E+03,1.351495E-01,1.500164E-01,1.736506E+03,1.426297E+03,8.962309E-02,1.005866E-01
23:50:00,5.704315E+02,2.418826E+03,2.944236E-02,1.705010E-01,2.734939E+03,2.121128E+03,1.411540E-01,1.495831E-01,1.737060E+03,1.361741E+03,8.965171E-02,9.603536E-02,2.618601E+03,2.140948E+03,1.351497E-01,1.509808E-01,1.736508E+03,1.432476E+03,8.962323E-02,1.010265E-01
24:00:00,5.704340E+02,2.438338E+03,2.944248E-02,1.718759E-01,2.734943E+03,2.125017E+03,1.411542E-01,1.498610E-01,1.737063E+03,1.363927E+03,8.965185E-02,9.619212E-02,2.618605E+03,2.145423E+03,1.351499E-01,1.513002E-01,1.736511E+03,1.433366E+03,8.962337E-02,1.010922E-01
Peak,5.704340E+02,5.261421E+03,2.944248E-02,4.461725E-01,2.734943E+03,4.942874E+03,1.411542E-01,4.325116E-01,1.737063E+03,3.905545E+03,8.965185E-02,3.417452E-01,2.618605E+03,4.843847E+03,1.351499E-01,4.238468E-01,1.736511E+03,4.218712E+03,8.962337E-02,3.691466E-01

Peak Vol Flow (m3/s),,,2.447953E-02,3.709637E-01,,,1.173606E-01,3.596056E-01,,,7.453974E-02,2.841391E-01,,,1.123684E-01,3.524013E-01,,,7.451606E-02,3.069216E-01
